<?xml version="1.0" encoding="ISO-8859-1"?>
<TrackResponse>
    <Response>
        <TransactionReference>
            <CustomerContext>QAST Track</CustomerContext>
            <XpciVersion>1.0</XpciVersion>
        </TransactionReference>
        <ResponseStatusCode>1</ResponseStatusCode>
        <ResponseStatusDescription>Success</ResponseStatusDescription>        
    </Response>
    <Shipment>
        <Shipper>
            <ShipperNumber>F00100</ShipperNumber>
            <Address>
                <City>HOBOKEN</City>
                <StateProvinceCode>NJ</StateProvinceCode>
                <PostalCode>07030</PostalCode>
                <CountryCode>US</CountryCode>
            </Address>
        </Shipper>
        <ShipTo>
            <Address>
                <AddressLine1>ARGONAUT APT:B</AddressLine1>
                <City>ALISO VIEJO</City>
                <StateProvinceCode>CA</StateProvinceCode>
                <PostalCode>92656</PostalCode>
                <CountryCode>US</CountryCode>
            </Address>
        </ShipTo>
        <ShipmentWeight>
            <UnitOfMeasurement>
                <Code>LBS</Code>
            </UnitOfMeasurement>
            <Weight>0.10</Weight>
        </ShipmentWeight>
        <Service>
            <Code>001</Code>
            <Description>NEXT DAY AIR</Description>
        </Service>
        <ReferenceNumber>
            <Code>01</Code>
            <Value>REFNUM18240102</Value>
        </ReferenceNumber>
        <ShipmentIdentificationNumber>1ZF001005991422963</ShipmentIdentificationNumber>
        <PickupDate>20070912</PickupDate>
        <ScheduledDeliveryDate>20070913</ScheduledDeliveryDate>
        <Package>
            <TrackingNumber>1ZF001005991422963</TrackingNumber>
            <Reroute>
                <Address>
                    <AddressLine1>WARSAW RD </AddressLine1>
                    <City>ROSWELL</City>
                    <StateProvinceCode>GA</StateProvinceCode>
                    <PostalCode>30350</PostalCode>
                    <CountryCode>US</CountryCode>
                </Address>
            </Reroute>
            <Activity>
                <ActivityLocation>
                    <Address>
                        <City>TIMONIUM</City>
                        <StateProvinceCode>MD</StateProvinceCode>
                        <PostalCode>21093</PostalCode>
                        <CountryCode>US</CountryCode>
                    </Address>
                    <Code>AI</Code>
                    <Description>DOCK</Description>
                    <SignedForByName>RSD</SignedForByName>
                </ActivityLocation>
                <Status>
                    <StatusType>
                        <Code>D</Code>
                        <Description>DELIVERED</Description>
                    </StatusType>
                    <StatusCode>
                        <Code>KB</Code>
                    </StatusCode>
                </Status>
                <Date>20070921</Date>
                <Time>132000</Time>
            </Activity>
            <Activity>
                <ActivityLocation>
                    <Address>
                        <City>FISHERSVILLE</City>
                        <StateProvinceCode>VA</StateProvinceCode>
                        <CountryCode>US</CountryCode>
                    </Address>
                </ActivityLocation>
                <Status>
                    <StatusType>
                        <Code>I</Code>
                        <Description>ORIGIN SCAN</Description>
                    </StatusType>
                    <StatusCode>
                        <Code>OR</Code>
                    </StatusCode>
                </Status>
                <Date>20070914</Date>
                <Time>165400</Time>
            </Activity>
            <Activity>
                <ActivityLocation>
                    <Address/>
                </ActivityLocation>
                <Status>
                    <StatusType>
                        <Code>X</Code>
                        <Description>THE SHIPPER HAS REQUESTED A DELIVERY INTERCEPT FOR THIS PACKAGE / THE ADDRESS HAS BEEN CORRECTED. THE DELIVERY HAS BEEN RESCHEDULED</Description>
                    </StatusType>
                    <StatusCode>
                        <Code>78</Code>
                    </StatusCode>
                </Status>
                <Date>20070912</Date>
                <Time>164500</Time>
            </Activity>
            <Activity>
                <ActivityLocation>
                    <Address>
                        <City>ROSWELL</City>
                        <StateProvinceCode>GA</StateProvinceCode>
                        <CountryCode>US</CountryCode>
                    </Address>
                </ActivityLocation>
                <Status>
                    <StatusType>
                        <Code>X</Code>
                        <Description>THE UPS INITIATED DELIVERY INTERCEPT REQUEST FOR THIS PACKAGE WAS SUCCESSFULLY COMPLETED / THE ADDRESS HAS BEEN CORRECTED. THE DELIVERY HAS BEEN RESCHEDULED</Description>
                    </StatusType>
                    <StatusCode>
                        <Code>JB</Code>
                    </StatusCode>
                </Status>
                <Date>20070912</Date>
                <Time>164500</Time>
            </Activity>
            <Activity>
                <ActivityLocation>
                    <Address>
                        <CountryCode>US</CountryCode>
                    </Address>
                </ActivityLocation>
                <Status>
                    <StatusType>
                        <Code>M</Code>
                        <Description>BILLING INFORMATION RECEIVED</Description>
                    </StatusType>
                    <StatusCode>
                        <Code>MP</Code>
                    </StatusCode>
                </Status>
                <Date>20070912</Date>
                <Time>155831</Time>
            </Activity>
            <PackageWeight>
                <UnitOfMeasurement>
                    <Code>LBS</Code>
                </UnitOfMeasurement>
                <Weight>0.10</Weight>
            </PackageWeight>
            <ReferenceNumber>
                <Code>01</Code>
                <Value>REFNUM18240102</Value>
            </ReferenceNumber>
        </Package>
    </Shipment>
</TrackResponse>
