<?xml version="1.0"?>
<TrackResponse>
  <Response>
    <TransactionReference>
      <CustomerContext>Example 3</CustomerContext>
      <XpciVersion>1.0001</XpciVersion>
    </TransactionReference>
    <ResponseStatusCode>1</ResponseStatusCode>
    <ResponseStatusDescription>Success</ResponseStatusDescription>
  </Response>
  <Shipment>
    <Shipper>
      <ShipperNumber>12345E</ShipperNumber>
      <Address>
        <AddressLine1>2010 WARSAW RD</AddressLine1>
        <City>ROSWELL</City>
        <StateProvinceCode>GA</StateProvinceCode>
        <PostalCode>30076</PostalCode>
        <CountryCode>US</CountryCode>
      </Address>
    </Shipper>
    <ShipTo>
      <Address>
        <AddressLine1>1000 MANSELL ROAD</AddressLine1>
        <AddressLine2>CIM GROUP</AddressLine2>
        <AddressLine3>APOLLO SECTION</AddressLine3>
        <City>ROSWELL</City>
        <StateProvinceCode>GA</StateProvinceCode>
        <PostalCode>30076</PostalCode>
        <CountryCode>US</CountryCode>
      </Address>
    </ShipTo>
    <ShipmentWeight>
      <UnitOfMeasurement>
        <Code>LBS</Code>
      </UnitOfMeasurement>
      <Weight>12.70</Weight>
    </ShipmentWeight>
    <Service>
      <Code>003</Code>
      <Description>GROUND</Description>
    </Service>
    <ReferenceNumber>
      <Code>01</Code>
      <Value>CUSTOMER SUPPLIED REFERENCE NUMBER</Value>
    </ReferenceNumber>
    <ReferenceNumber>
      <Code>01</Code>
      <Value>TEST</Value>
    </ReferenceNumber>
    <ShipmentIdentificationNumber>1Z12345E1512345676</ShipmentIdentificationNumber>
    <PickupDate>20010219</PickupDate>
    <ScheduledDeliveryDate>20010220</ScheduledDeliveryDate>
    <Package>
      <TrackingNumber>1Z12345E1512345676</TrackingNumber>
      <Activity>
        <ActivityLocation>
          <Address>
            <City>ROSWELL-ROSWELL</City>
            <StateProvinceCode>GA</StateProvinceCode>
            <CountryCode>US</CountryCode>
          </Address>
          <Code>MG</Code>
          <Description>MC MAN</Description>
        </ActivityLocation>
        <Status>
          <StatusType>
            <Code>D</Code>
            <Description>DELIVERED</Description>
          </StatusType>
          <StatusCode>
            <Code>FS</Code>
          </StatusCode>
        </Status>
        <Date>20010221</Date>
        <Time>090700</Time>
      </Activity>
      <PackageWeight>
        <UnitOfMeasurement>
          <Code>LBS</Code>
        </UnitOfMeasurement>
        <Weight>10.10</Weight>
      </PackageWeight>
      <ReferenceNumber>
        <Code>01</Code>
        <Value>CUSTOMER SUPPLIED REFERENCE NUMBER</Value>
      </ReferenceNumber>
      <ReferenceNumber>
        <Code>01</Code>
        <Value>TEST</Value>
      </ReferenceNumber>
    </Package>
    <Package>
      <TrackingNumber>1Z12345E1512345686</TrackingNumber>
      <Activity>
        <ActivityLocation>
          <Address>
            <City>ROSWELL-ROSWELL</City>
            <StateProvinceCode>GA</StateProvinceCode>
            <CountryCode>US</CountryCode>
          </Address>
          <Code>MG</Code>
          <Description>MC MAN</Description>
        </ActivityLocation>
        <Status>
          <StatusType>
            <Code>D</Code>
            <Description>DELIVERED</Description>
          </StatusType>
          <StatusCode>
            <Code>FS</Code>
          </StatusCode>
        </Status>
        <Date>20010221</Date>
        <Time>090700</Time>
      </Activity>
      <PackageWeight>
        <UnitOfMeasurement>
          <Code>LBS</Code>
        </UnitOfMeasurement>
        <Weight>2.60</Weight>
      </PackageWeight>
      <ReferenceNumber>
        <Code>01</Code>
        <Value>CUSTOMER SUPPLIED REFERENCE NUMBER</Value>
      </ReferenceNumber>
      <ReferenceNumber>
        <Code>01</Code>
        <Value>TEST</Value>
      </ReferenceNumber>
    </Package>
  </Shipment>
</TrackResponse>