<?xml version="1.0"?>
<ShipmentConfirmRequest xml:lang="en-US">
   <Request>
      <TransactionReference>
         <CustomerContext>ShipConfirmUS</CustomerContext>
         <XpciVersion>1.0001</XpciVersion>
      </TransactionReference>
      <RequestAction>ShipConfirm</RequestAction>
      <RequestOption>nonvalidate</RequestOption>
   </Request>
   <LabelSpecification>
      <LabelPrintMethod>
         <Code>GIF</Code>
      </LabelPrintMethod>
      <HTTPUserAgent>Mozilla/5.0</HTTPUserAgent>
      <LabelImageFormat>
         <Code>GIF</Code>
      </LabelImageFormat>
   </LabelSpecification>
   <Shipment>
      <Shipper>
         <Name>ShipperName</Name>
         <AttentionName>ShipperAttnName</AttentionName>
         <PhoneNumber>
            <StructuredPhoneNumber>
               <PhoneDialPlanNumber>222666</PhoneDialPlanNumber>
               <PhoneLineNumber>7777</PhoneLineNumber>
               <PhoneExtension>9229</PhoneExtension>
            </StructuredPhoneNumber>
         </PhoneNumber>
         <ShipperNumber>12345E</ShipperNumber>
         <Address>
            <AddressLine1>22 USShipperAddr1</AddressLine1>
            <AddressLine2>USShipperAddr2</AddressLine2>
            <AddressLine3>USShipperAddr3</AddressLine3>
            <City>Plano</City>
            <StateProvinceCode>TX</StateProvinceCode>
            <PostalCode>75093</PostalCode>
            <CountryCode>US</CountryCode>
         </Address>
      </Shipper>
      <ShipTo>
         <CompanyName>ShipToCompanyName</CompanyName>
         <AttentionName>ShipToAttnName</AttentionName>
         <PhoneNumber>
            <StructuredPhoneNumber>
               <PhoneDialPlanNumber>333666</PhoneDialPlanNumber>
               <PhoneLineNumber>7777</PhoneLineNumber>
               <PhoneExtension>9339</PhoneExtension>
            </StructuredPhoneNumber>
         </PhoneNumber>
         <Address>
            <AddressLine1>33 ShipToAddr1</AddressLine1>
            <AddressLine2>USShipToAddr2</AddressLine2>
            <AddressLine3>USShipToAddr3</AddressLine3>
            <City>El Paso</City>
            <StateProvinceCode>TX</StateProvinceCode>
            <PostalCode>79938</PostalCode>
            <CountryCode>US</CountryCode>
         </Address>
      </ShipTo>
      <ShipFrom>
         <CompanyName>ShipFromCompanyName</CompanyName>
         <AttentionName>ShipFromAttnName</AttentionName>
         <PhoneNumber>
            <StructuredPhoneNumber>
               <PhoneDialPlanNumber>111666</PhoneDialPlanNumber>
               <PhoneLineNumber>7777</PhoneLineNumber>
               <PhoneExtension>9119</PhoneExtension>
            </StructuredPhoneNumber>
         </PhoneNumber>
         <Address>
            <AddressLine1>22 ShipFromAddr1 St</AddressLine1>
            <AddressLine2>USShipFromAddr2</AddressLine2>
            <AddressLine3>USShipFromAddr3</AddressLine3>
            <City>APULIA STA</City>
            <StateProvinceCode>NY</StateProvinceCode>
            <PostalCode>13020</PostalCode>
            <CountryCode>US</CountryCode>
         </Address>
      </ShipFrom>
      <PaymentInformation>
         <Prepaid>
            <BillShipper>
               <AccountNumber>12345E</AccountNumber>
            </BillShipper>
         </Prepaid>
      </PaymentInformation>
      <Service>
         <Code>14</Code>
      </Service>
      <AlternateDeliveryTime>1200</AlternateDeliveryTime>
      <ShipmentServiceOptions>
         <SaturdayDelivery/>
         <OnCallAir>
            <PickupDetails>
               <PickupDate>20010501</PickupDate>
               <EarliestTimeReady>1100</EarliestTimeReady>
               <LatestTimeReady>1900</LatestTimeReady>
               <ContactInfo>
                  <Name>PickupContactName</Name>
                  <PhoneNumber>7775551212</PhoneNumber>
               </ContactInfo>
            </PickupDetails>
         </OnCallAir>
      </ShipmentServiceOptions>
      <Package>
         <Description>Perf Packages</Description>
         <ReferenceNumber>
            <Code>28</Code>
            <Value>Ref1</Value>
         </ReferenceNumber>
         <ReferenceNumber>
            <Code>59</Code>
            <Value>Ref2</Value>
         </ReferenceNumber>
         <PackagingType>
            <Code>02</Code>
         </PackagingType>
         <PackageWeight>
            <UnitOfMeasurement>
               <Code>LBS</Code>
            </UnitOfMeasurement>
            <Weight>2</Weight>
         </PackageWeight>
         <PackageServiceOptions>
            <InsuredValue>
               <CurrencyCode>USD</CurrencyCode>
               <MonetaryValue>500.55</MonetaryValue>
            </InsuredValue>
         </PackageServiceOptions>
      </Package>
   </Shipment>
</ShipmentConfirmRequest>
