<?xml version="1.0"?>
<ShipmentConfirmRequest xml:lang="en-US">
   <Request>
      <TransactionReference>
         <CustomerContext>Ship Confirm / nonvalidate</CustomerContext>
         <XpciVersion>1.0001</XpciVersion>
      </TransactionReference>
      <RequestAction>ShipConfirm</RequestAction>
      <RequestOption>nonvalidate</RequestOption>
   </Request>
   <LabelSpecification>
      <LabelPrintMethod>
         <Code>GIF</Code>
      </LabelPrintMethod>
      <HTTPUserAgent>Mozilla/5.0</HTTPUserAgent>
      <LabelImageFormat>
         <Code>GIF</Code>
      </LabelImageFormat>
   </LabelSpecification>
   <Shipment>
      <Description>DescOfGoodsTest</Description>
      <Shipper>
         <Name>ShipperName</Name>
         <AttentionName>ShipperAttn AttnName</AttentionName>
         <PhoneNumber>
            <StructuredPhoneNumber>
               <PhoneDialPlanNumber>222626</PhoneDialPlanNumber>
               <PhoneLineNumber>7227</PhoneLineNumber>
               <PhoneExtension>929</PhoneExtension>
            </StructuredPhoneNumber>
         </PhoneNumber>
         <ShipperNumber>12345E</ShipperNumber>
         <Address>
            <AddressLine1>22 USShipperAddr1</AddressLine1>
            <AddressLine2>USShipperAddr2</AddressLine2>
            <AddressLine3>USShipperAddr3</AddressLine3>
            <City>Atlanta</City>
            <StateProvinceCode>GA</StateProvinceCode>
            <PostalCode>30346</PostalCode>
            <CountryCode>US</CountryCode>
         </Address>
      </Shipper>
      <ShipTo>
         <CompanyName>ShipToCompanyName</CompanyName>
         <AttentionName>ShipToAttnName</AttentionName>
         <PhoneNumber>
            <StructuredPhoneNumber>
               <PhoneCountryCode>34</PhoneCountryCode>
               <PhoneDialPlanNumber>333656</PhoneDialPlanNumber>
               <PhoneLineNumber>7337</PhoneLineNumber>
            </StructuredPhoneNumber>
         </PhoneNumber>
         <Address>
            <AddressLine1>22 Address1 St</AddressLine1>
            <City>Quebec</City>
            <StateProvinceCode>QC</StateProvinceCode>
            <PostalCode>H2J2S5</PostalCode>
            <CountryCode>CA</CountryCode>
         </Address>
      </ShipTo>
      <ShipFrom>
         <CompanyName>ShipFromCompanyName</CompanyName>
         <AttentionName>Texas Walker</AttentionName>
         <PhoneNumber>
            <StructuredPhoneNumber>
               <PhoneDialPlanNumber>111616</PhoneDialPlanNumber>
               <PhoneLineNumber>7117</PhoneLineNumber>
               <PhoneExtension>9119</PhoneExtension>
            </StructuredPhoneNumber>
         </PhoneNumber>
         <Address>
            <AddressLine1>22 ShipFromAddr1 St</AddressLine1>
            <City>APULIA STA</City>
            <StateProvinceCode>NY</StateProvinceCode>
            <PostalCode>13020</PostalCode>
            <CountryCode>US</CountryCode>
         </Address>
      </ShipFrom>
      <InvoiceLineTotal>
         <CurrencyCode>USD</CurrencyCode>
         <MonetaryValue>150</MonetaryValue>
      </InvoiceLineTotal>
      <PaymentInformation>
         <Prepaid>
            <BillShipper>
               <AccountNumber>12345E</AccountNumber>
            </BillShipper>
         </Prepaid>
      </PaymentInformation>
      <Service>
         <Code>07</Code>
      </Service>
      <ReferenceNumber>
         <Code>28</Code>
         <Value>1111</Value>
      </ReferenceNumber>
      <Package>
         <PackagingType>
            <Code>02</Code>
         </PackagingType>
         <PackageWeight>
            <UnitOfMeasurement>
               <Code>LBS</Code>
            </UnitOfMeasurement>
            <Weight>2</Weight>
         </PackageWeight>
         <PackageServiceOptions>
            <InsuredValue>
               <CurrencyCode>USD</CurrencyCode>
               <MonetaryValue>500.00</MonetaryValue>
            </InsuredValue>
         </PackageServiceOptions>
      </Package>
   </Shipment>
</ShipmentConfirmRequest>
