<?xml version="1.0"?>
<ShipmentConfirmResponse>
   <Response>
      <TransactionReference>
         <CustomerContext>ShipConfirmUS</CustomerContext>
         <XpciVersion>1.0001</XpciVersion>
      </TransactionReference>
      <ResponseStatusCode>1</ResponseStatusCode>
      <ResponseStatusDescription>Success</ResponseStatusDescription>
   </Response>
   <ShipmentCharges>
      <TransportationCharges>
         <CurrencyCode>USD</CurrencyCode>
         <MonetaryValue>31.38</MonetaryValue>
      </TransportationCharges>
      <ServiceOptionsCharges>
         <CurrencyCode>USD</CurrencyCode>
         <MonetaryValue>7.75</MonetaryValue>
      </ServiceOptionsCharges>
      <TotalCharges>
         <CurrencyCode>USD</CurrencyCode>
         <MonetaryValue>39.13</MonetaryValue>
      </TotalCharges>
   </ShipmentCharges>
   <BillingWeight>
      <UnitOfMeasurement>
         <Code>LBS</Code>
      </UnitOfMeasurement>
      <Weight>4.0</Weight>
   </BillingWeight>
   <ShipmentIdentificationNumber>1Z12345E1512345676</ShipmentIdentificationNumber>
   <ShipmentDigest>INSERT SHIPPING DIGEST HERE</ShipmentDigest>
</ShipmentConfirmResponse>
