<?xml version="1.0"?>
<ShipmentConfirmRequest xml:lang="en-US">
   <Request>
      <TransactionReference>
         <CustomerContext>ShipConfirmUS</CustomerContext>
         <XpciVersion>1.0001</XpciVersion>
      </TransactionReference>
      <RequestAction>ShipConfirm</RequestAction>
      <RequestOption>nonvalidate</RequestOption>
   </Request>
   <LabelSpecification>
      <LabelPrintMethod>
         <Code>EPL</Code>
      </LabelPrintMethod>
      <LabelStockSize>
         <Height>4</Height>
         <Width>6</Width>
      </LabelStockSize>
   </LabelSpecification>
   <Shipment>
      <Shipper>
         <Name>ShipperName</Name>
         <AttentionName>ShipperAttnName</AttentionName>
         <PhoneNumber>
            <StructuredPhoneNumber>
               <PhoneDialPlanNumber>222626</PhoneDialPlanNumber>
               <PhoneLineNumber>7227</PhoneLineNumber>
               <PhoneExtension>929</PhoneExtension>
            </StructuredPhoneNumber>
         </PhoneNumber>
         <ShipperNumber>12345E</ShipperNumber>
         <Address>
            <AddressLine1>22 USShipperAddr1</AddressLine1>
            <AddressLine2>USShipperAddr2</AddressLine2>
            <AddressLine3>USShipperAddr3</AddressLine3>
            <City>Plano</City>
            <StateProvinceCode>TX</StateProvinceCode>
            <PostalCode>75093</PostalCode>
            <CountryCode>US</CountryCode>
         </Address>
      </Shipper>
      <ShipTo>
         <CompanyName>ShipToCompanyName</CompanyName>
         <AttentionName>ShipToAttnName</AttentionName>
         <PhoneNumber>
            <StructuredPhoneNumber>
               <PhoneDialPlanNumber>333656</PhoneDialPlanNumber>
               <PhoneLineNumber>7337</PhoneLineNumber>
               <PhoneExtension>9339</PhoneExtension>
            </StructuredPhoneNumber>
         </PhoneNumber>
         <Address>
            <AddressLine1>33 ShipToAddr1</AddressLine1>
            <AddressLine2>USShipToAddr2</AddressLine2>
            <AddressLine3>USShipToAddr3</AddressLine3>
            <City>Atlanta</City>
            <StateProvinceCode>GA</StateProvinceCode>
            <PostalCode>30346</PostalCode>
            <CountryCode>US</CountryCode>
            <ResidentialAddress/>
         </Address>
      </ShipTo>
      <ShipFrom>
         <CompanyName>ShipFromCompanyName</CompanyName>
         <AttentionName>ShipFromAttnName</AttentionName>
         <PhoneNumber>
            <StructuredPhoneNumber>
               <PhoneDialPlanNumber>111616</PhoneDialPlanNumber>
               <PhoneLineNumber>7117</PhoneLineNumber>
               <PhoneExtension>9119</PhoneExtension>
            </StructuredPhoneNumber>
         </PhoneNumber>
         <Address>
            <AddressLine1>22 ShipFromAddr1 St</AddressLine1>
            <AddressLine2>USShipFromAddr2</AddressLine2>
            <AddressLine3>USShipFromAddr3</AddressLine3>
            <City>Athens</City>
            <StateProvinceCode>GA</StateProvinceCode>
            <PostalCode>30605</PostalCode>
            <CountryCode>US</CountryCode>
         </Address>
      </ShipFrom>
      <PaymentInformation>
         <Prepaid>
            <BillShipper>
               <AccountNumber>12345E</AccountNumber>
            </BillShipper>
         </Prepaid>
      </PaymentInformation>
      <Service>
         <Code>01</Code>
      </Service>
      <ShipmentServiceOptions>
         <ShipmentNotification>
            <EMailMessage>
               <EMailAddress>christy@company1.com</EMailAddress>
               <Memo>EmailShipNot Memo</Memo>
            </EMailMessage>
         </ShipmentNotification>
         <ShipmentNotification>
            <EMailMessage>
               <EMailAddress>joe@company2.com</EMailAddress>
            </EMailMessage>
         </ShipmentNotification>
      </ShipmentServiceOptions>
      <Package>
         <Description>Perf Packages</Description>
         <PackagingType>
            <Code>03</Code>
         </PackagingType>
         <PackageWeight>
            <UnitOfMeasurement>
               <Code>LBS</Code>
            </UnitOfMeasurement>
            <Weight>2</Weight>
         </PackageWeight>
      </Package>
      <Package>
         <PackagingType>
            <Code>02</Code>
         </PackagingType>
         <ReferenceNumber>
            <Code>9V</Code>
            <Value>abcdefg</Value>
         </ReferenceNumber>
         <PackageWeight>
            <UnitOfMeasurement>
               <Code>LBS</Code>
            </UnitOfMeasurement>
            <Weight>2</Weight>
         </PackageWeight>
         <PackageServiceOptions>
            <COD>
               <CODFundsCode>8</CODFundsCode>
               <CODCode>3</CODCode>
               <CODAmount>
                  <CurrencyCode>USD</CurrencyCode>
                  <MonetaryValue>35000</MonetaryValue>
               </CODAmount>
            </COD>
            <InsuredValue>
               <CurrencyCode>USD</CurrencyCode>
               <MonetaryValue>500.55</MonetaryValue>
            </InsuredValue>
         </PackageServiceOptions>
      </Package>
   </Shipment>
</ShipmentConfirmRequest>
