<?xml version="1.0"?>
<ShipmentAcceptResponse>
   <Response>
      <TransactionReference>
         <CustomerContext>TR01</CustomerContext>
         <XpciVersion>1.0001</XpciVersion>
      </TransactionReference>
      <ResponseStatusCode>1</ResponseStatusCode>
      <ResponseStatusDescription>Success</ResponseStatusDescription>
   </Response>
   <ShipmentResults>
      <ShipmentCharges>
         <TransportationCharges>
            <CurrencyCode>DEM</CurrencyCode>
            <MonetaryValue>135.68</MonetaryValue>
         </TransportationCharges>
         <ServiceOptionsCharges>
            <CurrencyCode>DEM</CurrencyCode>
            <MonetaryValue>0.00</MonetaryValue>
         </ServiceOptionsCharges>
         <TotalCharges>
            <CurrencyCode>DEM</CurrencyCode>
            <MonetaryValue>135.68</MonetaryValue>
         </TotalCharges>
      </ShipmentCharges>
      <BillingWeight>
         <UnitOfMeasurement>
            <Code>KGS</Code>
         </UnitOfMeasurement>
         <Weight>3.0</Weight>
      </BillingWeight>
      <ShipmentIdentificationNumber>1Z12345E1512345676</ShipmentIdentificationNumber>
      <PackageResults>
         <TrackingNumber>1Z12345E1512345676</TrackingNumber>
         <ServiceOptionsCharges>
            <CurrencyCode>DEM</CurrencyCode>
            <MonetaryValue>0.00</MonetaryValue>
         </ServiceOptionsCharges>
         <LabelImage>
            <LabelImageFormat>
               <Code>epl</Code>
            </LabelImageFormat>
            <InternationalSignatureGraphicImage>INSERT GRAPHIC IMAGE HERE</InternationalSignatureGraphicImage>
         </LabelImage>
      </PackageResults>
   </ShipmentResults>
</ShipmentAcceptResponse>
