<?xml version="1.0"?>
<ShipmentConfirmRequest xml:lang="en-US">
   <Request>
      <TransactionReference>
         <CustomerContext>Ship Confirm / nonvalidate</CustomerContext>
         <XpciVersion>1.0001</XpciVersion>
      </TransactionReference>
      <RequestAction>ShipConfirm</RequestAction>
      <RequestOption>nonvalidate</RequestOption>
   </Request>
   <LabelSpecification>
      <LabelPrintMethod>
         <Code>EPL</Code>
      </LabelPrintMethod>
      <LabelStockSize>
         <Height>4</Height>
         <Width>8</Width>
      </LabelStockSize>
   </LabelSpecification>
   <Shipment>
      <Description>Descriptionofgoodstest</Description>
      <Shipper>
         <Name>ShipperName</Name>
         <AttentionName>ShipperName</AttentionName>
         <PhoneNumber>2226267227</PhoneNumber>
         <ShipperNumber>12345E</ShipperNumber>
         <Address>
            <AddressLine1>123 ShipperStreet</AddressLine1>
            <City>ShipperCity</City>
            <PostalCode>03570</PostalCode>
            <CountryCode>DE</CountryCode>
         </Address>
      </Shipper>
      <ShipTo>
         <CompanyName>ShipToCompanyName</CompanyName>
         <AttentionName>ShipToAttnName</AttentionName>
         <PhoneNumber>3336367336</PhoneNumber>
         <Address>
            <AddressLine1>123 ShipToStreet</AddressLine1>
            <PostalCode>DT09</PostalCode>
            <City>Trent</City>
            <CountryCode>GB</CountryCode>
         </Address>
      </ShipTo>
      <ShipFrom>
         <CompanyName>ShipFromCompanyName</CompanyName>
         <AttentionName>ShipFromAttnName</AttentionName>
         <PhoneNumber>7525565064</PhoneNumber>
         <Address>
            <AddressLine1>123 ShipFromStreet</AddressLine1>
            <City>Berlin</City>
            <PostalCode>03570</PostalCode>
            <CountryCode>DE</CountryCode>
         </Address>
      </ShipFrom>
      <PaymentInformation>
         <Prepaid>
            <BillShipper>
               <AccountNumber>12345E</AccountNumber>
            </BillShipper>
         </Prepaid>
      </PaymentInformation>
      <Service>
         <Code>07</Code>
      </Service>
      <Package>
         <PackagingType>
            <Code>02</Code>
         </PackagingType>
         <Dimensions>
            <UnitOfMeasurement>
               <Code>CM</Code>
            </UnitOfMeasurement>
            <Length>60</Length>
            <Width>7</Width>
            <Height>5</Height>
         </Dimensions>
         <PackageWeight>
            <UnitOfMeasurement>
               <Code>KGS</Code>
            </UnitOfMeasurement>
            <Weight>3.0</Weight>
         </PackageWeight>
      </Package>
   </Shipment>
</ShipmentConfirmRequest>
